{
    "rsd": {
        "swh": 63.577586206896555,
        "zenodo_doi": 46.75925925925926
    }
}