{
    "panosc": {
        "swh": 82.6086956521739,
        "zenodo_doi": 4.761904761904762
    }
}