{
    "envri": {
        "swh": 85.32818532818533,
        "zenodo_doi": 4.8828125
    }
}