{
    "envri": {
        "bib": 2.9296875,
        "cff": 1.171875,
        "readme": 18.1640625,
        "total": 22.265625
    }
}