{
    "rsd": {
        "bib": 2.5462962962962963,
        "cff": 60.64814814814815,
        "readme": 5.787037037037037,
        "total": 68.98148148148148
    }
}