{
    "panosc": {
        "bib": 0.0,
        "cff": 4.761904761904762,
        "readme": 14.285714285714285,
        "total": 19.047619047619047
    }
}