{
    "escape": {
        "bib": 5.88235294117647,
        "cff": 5.88235294117647,
        "readme": 17.647058823529413,
        "total": 29.411764705882355
    }
}