{
    "envri": {
        "cff": 1.171875,
        "readme": 97.65625,
        "package": 17.578125,
        "authors": 0.390625,
        "contributors": 2.9296875,
        "license": 54.296875,
        "codemeta": 0.0,
        "zenodo": 0.1953125,
        "zenodo_doi": 4.8828125,
        "none": 2.34375
    }
}