{
    "escape": {
        "cff": 5.88235294117647,
        "readme": 100.0,
        "package": 41.17647058823529,
        "authors": 11.76470588235294,
        "contributors": 17.647058823529413,
        "license": 100.0,
        "codemeta": 88.23529411764706,
        "zenodo": 29.411764705882355,
        "zenodo_doi": 41.17647058823529,
        "none": 0.0
    }
}