{
    "rsd": {
        "cff": 60.64814814814815,
        "readme": 99.07407407407408,
        "package": 60.64814814814815,
        "authors": 3.4722222222222223,
        "contributors": 2.7777777777777777,
        "license": 96.52777777777779,
        "codemeta": 1.8518518518518516,
        "zenodo": 25.462962962962965,
        "zenodo_doi": 46.75925925925926,
        "none": 0.4629629629629629
    }
}