{
    "panosc": {
        "cff": 4.761904761904762,
        "readme": 95.23809523809523,
        "package": 52.38095238095239,
        "authors": 19.047619047619047,
        "contributors": 0.0,
        "license": 85.71428571428571,
        "codemeta": 0.0,
        "zenodo": 0.0,
        "zenodo_doi": 4.761904761904762,
        "none": 4.761904761904762
    }
}