{
    "rsd": {
        "rq4-1": {
            "long_desc": 79.86111111111111,
            "short_desc": 90.97222222222221,
            "None": 1.3888888888888888
        },
        "rq4-2": {
            "spdx": 94.44444444444444,
            "other": 2.083333333333333,
            "no_license": 3.4722222222222223
        },
        "rq4-3": {
            "requirements": 19.444444444444446,
            "installation": 60.64814814814815,
            "documentation": 58.56481481481482
        }
    }
}