{
    "escape": {
        "rq4-1": {
            "long_desc": 76.47058823529412,
            "short_desc": 94.11764705882352,
            "None": 0.0
        },
        "rq4-2": {
            "spdx": 94.11764705882352,
            "other": 5.88235294117647,
            "no_license": 0.0
        },
        "rq4-3": {
            "requirements": 35.294117647058826,
            "installation": 64.70588235294117,
            "documentation": 47.05882352941176
        }
    }
}