{
    "panosc": {
        "rq4-1": {
            "long_desc": 42.857142857142854,
            "short_desc": 80.95238095238095,
            "None": 9.523809523809524
        },
        "rq4-2": {
            "spdx": 80.95238095238095,
            "other": 4.761904761904762,
            "no_license": 14.285714285714285
        },
        "rq4-3": {
            "requirements": 9.523809523809524,
            "installation": 52.38095238095239,
            "documentation": 61.904761904761905
        }
    }
}