{
    "rsd": {
        "rq3-1": {
            "releases": 85.87962962962963,
            "consistency": 76.54986522911051
        },
        "rq3-2": {
            "semantic": 81.94070080862534,
            "calendar": 0.0,
            "Alphanumeric": 16.9811320754717,
            "other": 1.078167115902965
        }
    }
}