{
    "panosc": {
        "rq3-1": {
            "releases": 61.904761904761905,
            "consistency": 76.92307692307693
        },
        "rq3-2": {
            "semantic": 53.84615384615385,
            "calendar": 0.0,
            "Alphanumeric": 46.15384615384615,
            "other": 0.0
        }
    }
}